index,value
Mean squared error,3507375.418735962
Root mean squared error,1872.7988196108952
Mean absolute error,1535.5720843997017
RR,0.6897524153670582
