hydrological similarity,temporal similarity,spatial similarity
6268.495812167206,5515.16682178611,-6717.000256368912
