index,value
Mean squared error,3568350.9768216885
Root mean squared error,1889.0079345576314
Mean absolute error,1558.799457998544
RR,0.6843587755768359
