hydrological similarity,temporal similarity,spatial similarity
6263.816684349769,6720.683118191056,-8833.460248152707
