hydrological similarity,temporal similarity,spatial similarity
4102.954953748132,282.9845524916636,-133.95494945326345
