index,value
Mean squared error,4648353.799361449
Root mean squared error,2156.0041278628037
Mean absolute error,1789.3162408273668
RR,0.5888262969890499
